CountryName,0 to 14,15 to 64,65 and up
Aruba,18.33687878,69.46741233,12.19570888
LaLaLand,30,20,50