{
  "Aruba": {
    "1960_0to14":43.4777155,
    "1960_15to64":53.6735537,
    "1960_65plus":2.84873081,
    "2015_0to14":18.3687878,
    "2015_15to64":69.6741233,
    "2015_65plus":12.9570888
    },
    "ARG": {
    "1960_0to14":30.2561693,
    "1960_15to64":63.9539371,
    "1960_65plus":5.78989358,
    "_":0.1,
    "2015_0to14":25.9419749,
    "2015_15to64":63.7924892,
    "2015_65plus":10.2655359
    },
  "Afghanistan": {
    "1960_0to14":42.7060915,
    "1960_15to64":55.3040481,
    "1960_65plus":2.98986036,
    "2015_0to14":44.4194947,
    "2015_15to64":53.8896081,
    "2015_65plus":2.69089724
    }
 }