{
    "WLD": {
        "1960_0to14": 37.2165844,
        "1960_15to64": 57.9326453,
        "1960_65plus": 4.85077033,
        "2015_0to14": 26.1293599,
        "2015_15to64": 65.2039676,
        "2015_65plus": 8.66691401
    }
}